director,evaluate_number,introduce,leadactors,movie_name,picture,release_time,score,serial_number,typelist
弗兰克・德拉邦特FrankDarabont,1701993人评价,希望让人自由。, 蒂姆・罗宾斯 Tim Robbins /...,肖申克的救赎,https://img3.doubanio.com/view/photo/s_ratio_poster/public/p480747492.jpg,"
                       1994
                        ",9.7,1,美国 犯罪 剧情
陈凯歌KaigeChen,1259259人评价,风华绝代。, 张国荣 Leslie Cheung / 张丰毅 Fengyi Zha...,霸王别姬,https://img3.doubanio.com/view/photo/s_ratio_poster/public/p2561716440.jpg,"
                            
                            1993
                        ",9.6,2,中国大陆 中国香港剧情 爱情 同性
罗伯特・泽米吉斯RobertZemeckis,1315755人评价,一部美国近现代史。, 汤姆・汉克斯 Tom Hanks / ...,阿甘正传,https://img3.doubanio.com/view/photo/s_ratio_poster/public/p2559011361.jpg,1994,9.5,3,美国 剧情 爱情
吕克・贝松LucBesson,1509468人评价,怪蜀黍和小萝莉不得不说的故事。, 让・雷诺 Jean Reno / 娜塔莉・波特曼 ...,这个杀手不太冷,https://img3.doubanio.com/view/photo/s_ratio_poster/public/p511118051.jpg,"
                                                   1994
                        ",9.4,4,法国剧情 动作 犯罪
罗伯托・贝尼尼RobertoBenigni,768634人评价,最美的谎言。, 罗伯托・贝尼尼 Roberto Beni...,美丽人生,https://img3.doubanio.com/view/photo/s_ratio_poster/public/p510861873.jpg,"
                            
                            1997
                        ",9.5,5,意大利剧情 喜剧 爱情 战争
詹姆斯・卡梅隆JamesCameron,1252637人评价,失去的才是永恒的。 ," 莱昂纳多・迪卡普里奥 Leonardo...,",泰坦尼克号,https://img3.doubanio.com/view/photo/s_ratio_poster/public/p457760035.jpg,"
                            
                            1997
                        ",9.4,6,美国剧情 爱情 灾难
宫崎骏HayaoMiyazaki,1341795人评价,最好的宫崎骏，最好的久石让。 , 艾美 Rumi H?ragi / 入野自由 Miy...,千与千寻,https://img1.doubanio.com/view/photo/s_ratio_poster/public/p2557573348.jpg,"
                                               2001                 ",9.3,7,日本剧情 动画 奇幻
史蒂文・斯皮尔伯格StevenSpielberg,677594人评价,拯救一个人，就是拯救整个世界。, 连姆・尼森 Liam Neeson...,辛德勒的名单,https://img3.doubanio.com/view/photo/s_ratio_poster/public/p492406163.jpg,"
                            
                            1993                  ",9.5,8,美国剧情 历史 战争
"
克里斯托弗・诺兰ChristopherNolan",1283872人评价,诺兰给了我们一场无法盗取的梦。, 莱昂纳多・迪卡普里奥 Le...,盗梦空间,https://img9.doubanio.com/view/photo/s_ratio_poster/public/p513344864.jpg,"
                            
                            2010
                        ",9.3,9,美国 英国剧情 科幻 悬疑 冒险
"
莱塞・霍尔斯道姆LasseHallstrm",869451人评价,永远都不能忘记你所爱的人。, 理查・基尔 Richard Ger...,忠犬八公的故事,https://img9.doubanio.com/view/photo/s_ratio_poster/public/p524964016.jpg,"
                     2009
                        ",9.3,10,美国 英国剧情
"
安德鲁・斯坦顿AndrewStanton",850489人评价,小瓦力，大人生。, 本・贝尔特 Ben Burtt / 艾丽...,机器人总动员,https://img3.doubanio.com/view/photo/s_ratio_poster/public/p1461851991.jpg,"
                     2008
                        ",9.3,11,美国爱情 科幻 动画 冒险
"
朱塞佩・托纳多雷GiuseppeTornatore",1036730人评价,每个人都要走一条自己坚定了的路，就算是粉身碎骨。 , 蒂姆・罗斯 Tim Roth / ...,海上钢琴师,https://img9.doubanio.com/view/photo/s_ratio_poster/public/p2574551676.jpg,"
                            
                            1998
                        ",9.3,12,意大利剧情 音乐
"
拉库马・希拉尼RajkumarHirani",1164579人评价,英俊版憨豆，高情商版谢耳朵。, 阿米尔・汗 Aamir Khan / 卡...,三傻大闹宝莱坞,https://img3.doubanio.com/view/photo/s_ratio_poster/public/p579729551.jpg,"

                            2009
                        ",9.2,13,印度剧情 喜剧 爱情 歌舞
"
克里斯托夫・巴拉蒂ChristopheBarratier",815037人评价,天籁一般的童声，是最接近上帝的存在。 , 热拉尔・朱尼奥 Gé...,放牛班的春天,https://img3.doubanio.com/view/photo/s_ratio_poster/public/p1910824951.jpg,"
                                               2004
                        ",9.3,14,法国 瑞士 德国剧情 音乐
"
彼得・威尔PeterWeir",914402人评价,如果再也不能见到你，祝你早安，午安，晚安。, 金・凯瑞 Jim Carrey / 劳拉・琳妮 Lau...,楚门的世界,https://img3.doubanio.com/view/photo/s_ratio_poster/public/p479682972.jpg,"
                            
                            1998
                        ",9.3,15,美国剧情 科幻
"
克里斯托弗・诺兰ChristopherNolan",931170人评价,爱是一种力量，让我们超越时空感知它的存在。, 马修・麦康纳 Matthew Mc...,星际穿越,https://img3.doubanio.com/view/photo/s_ratio_poster/public/p2206088801.jpg,"

                            2014
                        ",9.3,16,美国 英国 加拿大 冰岛剧情 科幻 冒险
"
刘镇伟JeffreyLau",912132人评价,一生所爱。, 周星驰 Stephen Chow / 吴孟达 Man Tat Ng...,大话西游之大圣娶亲,https://img9.doubanio.com/view/photo/s_ratio_poster/public/p2455050536.jpg,"
                     1995
                        ",9.2,17,中国香港 中国大陆喜剧 爱情 奇幻 古装
"
宫崎骏HayaoMiyazaki",792616人评价,人人心中都有个龙猫，童年就永远不会消失。, 日高法子 Noriko Hidaka / 坂本千夏 Ch...,龙猫,https://img9.doubanio.com/view/photo/s_ratio_poster/public/p2540924496.jpg,"
                            
                            1988
                        ",9.2,18,日本动画 奇幻 冒险
"
黄东赫Dong-hyukHwang",547998人评价,我们一路奋战不是为了改变世界，而是为了不让世界改变我们。, 孔侑 Yoo Gong / 郑有美 Yu-mi Jeong ...,熔炉,https://img9.doubanio.com/view/photo/s_ratio_poster/public/p1363250216.jpg,"
                            
                            2011                   ",9.3,19,韩国剧情
"
刘伟强/麦兆辉",748968人评价,香港电影史上永不过时的杰作。, 刘德华 / 梁朝伟 / 黄秋生,无间道,https://img3.doubanio.com/view/photo/s_ratio_poster/public/p2564556863.jpg,"
                          2002
                        ",9.2,20,中国香港剧情 犯罪 悬疑
"
弗朗西斯・福特・科波拉FrancisFordCoppola",579342人评价,千万不要记恨你的对手，这样会让你失去理智。, 马龙・白兰度 M...,教父,https://img3.doubanio.com/view/photo/s_ratio_poster/public/p616779645.jpg,"
  
                            1972
                        ",9.3,21,美国剧情 犯罪
"
拜伦・霍华德ByronHoward/瑞奇・摩尔RichMoore",1064592人评价,迪士尼给我们营造的乌托邦就是这样，永远善良勇敢，永远出乎意料。, 金妮弗・...,疯狂动物城,https://img1.doubanio.com/view/photo/s_ratio_poster/public/p2315672647.jpg,"
                            
                            2016
                        ",9.2,22,美国喜剧 动画 冒险
"
加布里尔・穆奇诺GabrieleMuccino",943402人评价,平民励志片。 , 威尔・史密斯 Will Smith ..,当幸福来敲门,https://img1.doubanio.com/view/photo/s_ratio_poster/public/p1312700628.jpg,"

                            2006
                        ",9.1,23,美国剧情 传记 家庭
"
罗伯・莱纳RobReiner",1065599人评价,真正的幸福是来自内心深处。, 玛德琳・卡罗尔 Madeline Carroll / 卡...,怦然心动,https://img3.doubanio.com/view/photo/s_ratio_poster/public/p2220734673.jpg,"
                            
                            2010
                        ",9,24,美国剧情 喜剧 爱情
"
奥利维・那卡什OlivierNakache/艾力克・托兰达EricToledano",616838人评价,满满温情的高雅喜剧。,主...,触不可及,https://img1.doubanio.com/view/photo/s_ratio_poster/public/p1454259399.jpg,"
                                                 2011
                        ",9.2,25,法国剧情 喜剧
"
克里斯托弗・诺兰ChristopherNolan",625785人评价,无尽的黑暗。, 克里斯蒂安・贝尔 Christ...,蝙蝠侠：黑暗骑士,https://img3.doubanio.com/view/photo/s_ratio_poster/public/p462657443.jpg,"
                                                    2008
                        ",9.2,26,美国 英国剧情 动作 科幻 犯罪 惊悚
"
张艺谋YimouZhang",485371人评价,张艺谋最好的电影。, 葛优 You Ge / 巩俐 Li Gong / 姜武 Wu Jiang,活着,https://img3.doubanio.com/view/photo/s_ratio_poster/public/p2513253791.jpg,"
                            
                            1994
                        ",9.2,27,中国大陆 中国香港剧情 历史 家庭
"
比利・怀尔德BillyWilder",224610人评价,比利・怀德满分作品。, 泰隆・鲍华 Tyrone Power / 玛琳・...,控方证人,https://img1.doubanio.com/view/photo/s_ratio_poster/public/p1505392928.jpg,"
                     1957
                        ",9.6,28,美国剧情 犯罪 悬疑
"
维克多・弗莱明VictorFleming/乔治・库克GeorgeCukor",420706人评价,Tomorrow is another day., 费...,乱世佳人,https://img3.doubanio.com/view/photo/s_ratio_poster/public/p1963126880.jpg,"
                                                  1939
                        ",9.3,29,美国剧情 历史 爱情 战争
"
李安AngLee",911878人评价,瑰丽壮观、无人能及的冒险之旅。, 苏拉・沙玛 Suraj Sharma / 伊尔凡・可汗 Irrfan...,少年派的奇幻漂流,https://img3.doubanio.com/view/photo/s_ratio_poster/public/p1784592701.jpg,"
                            
                            2012
                        ",9,30,美国 中国台湾 英国 加拿大剧情 奇幻 冒险
"
涅提・蒂瓦里NiteshTiwari",934753人评价,你不是在为你一个人战斗，你要让千千万万的女性看到女生并不是只能相夫教子。, 阿米尔・汗 Aamir Khan / 法缇玛...,摔跤吧！爸爸,https://img3.doubanio.com/view/photo/s_ratio_poster/public/p2457983084.jpg,"
                                               2016
                        ",9,31,印度剧情 传记 运动 家庭
"
彼得・杰克逊PeterJackson",461767人评价,史诗的终章。, 维果・莫腾森 Viggo Mortensen / ...,指环王3：王者无敌,https://img3.doubanio.com/view/photo/s_ratio_poster/public/p1910825503.jpg,"
                            
                            2003                ",9.2,32,美国 新西兰剧情 动作 奇幻 冒险
"
彼特・道格特PeteDocter/鲍勃・彼德森BobPeterson",833912人评价,最后那些最无聊的事情，才是最值得怀念的。 , 爱德...,飞屋环游记,https://img3.doubanio.com/view/photo/s_ratio_poster/public/p485887754.jpg,"
                            
                            2009
                        ",9,33,美国剧情 喜剧 动画 冒险
"
姜文WenJiang",390456人评价,对敌人的仁慈，就是对自己残忍。, 姜文 Wen Jiang / 香川照之 Teruyuki Kagawa /...,鬼子来了,https://img1.doubanio.com/view/photo/s_ratio_poster/public/p2553104888.jpg,"
                            
                            2000               ",9.2,34,中国大陆剧情 历史 战争
"
SidneyLumet",278267人评价,1957年的理想主义。 , 亨利・方达 Henry Fonda / 马丁・鲍尔萨姆 Marti...,十二怒汉,https://img3.doubanio.com/view/photo/s_ratio_poster/public/p2173577632.jpg,"
 
                            1957                   ",9.4,35,美国剧情
"
宫崎骏HayaoMiyazaki",537630人评价,对天空的追逐，永不停止。 , 田中真弓 Mayumi Tanaka / 横泽启子 Ke...,天空之城,https://img1.doubanio.com/view/photo/s_ratio_poster/public/p1446261379.jpg,"
                      1986
                        ",9.1,36,日本动画 奇幻 冒险
"
朱塞佩・托纳多雷GiuseppeTornatore",437268人评价,那些吻戏，那些青春，都在影院的黑暗里被泪水冲刷得无比清晰。, 安东内拉・阿蒂利 Anton...,天堂电影院,https://img1.doubanio.com/view/photo/s_ratio_poster/public/p2559577569.jpg,",
                            1988
                        ",9.2,37,意大利 法国剧情 爱情
"
李・昂克里奇LeeUnkrich/阿德里安・莫利纳AdrianMolina",890525人评价,死亡不是真的逝去，遗忘才是永恒的消亡。, ...,寻梦环游记,https://img1.doubanio.com/view/photo/s_ratio_poster/public/p2503997609.jpg,"
                            
                            2017
                        ",9.1,38,美国喜剧 动画 奇幻 音乐
"
贝纳尔多・贝托鲁奇BernardoBertolucci",403088人评价,“不要跟我比惨，我比你更惨”再适合这部电影不过了。,? 尊龙 John Lone / 陈...,末代皇帝,https://img3.doubanio.com/view/photo/s_ratio_poster/public/p452089833.jpg,"
                            
                            1987
                        ",9.2,39,英国 意大利 中国大陆 法国剧情 传记 历史
"
刘镇伟JeffreyLau",736471人评价,旷古烁今。, 周星驰 Stephen Chow / 吴孟达 Man Tat Ng..,大话西游之月光宝盒,https://img3.doubanio.com/view/photo/s_ratio_poster/public/p2561721372.jpg,"
                            
                            1995                 ",9,40,中国香港 中国大陆喜剧 爱情 奇幻 古装
"
宫崎骏HayaoMiyazaki",609195人评价,带着心爱的人在天空飞翔。, 倍赏千惠子 Chieko Baish? / 木村拓...,哈尔的移动城堡,https://img3.doubanio.com/view/photo/s_ratio_poster/public/p2174346180.jpg,"
 
                            2004                  ",9,41,       
"
威廉・惠勒WilliamWyler",616613人评价,爱情哪怕只有一天。, 奥黛丽・赫本 Audrey Hepburn / 格...,罗马假日,https://img3.doubanio.com/view/photo/s_ratio_poster/public/p2189265085.jpg,"
                            
                            1953
                        ",9,42,美国喜剧 剧情 爱情
"
大卫・芬奇DavidFincher",574009人评价,邪恶与平庸蛰伏于同一个母体，在特定的时间互相对峙。, 爱德华・诺顿 Edward Norton / 布拉...,搏击俱乐部,https://img1.doubanio.com/view/photo/s_ratio_poster/public/p1910926158.jpg,"
                                                 1999
                        ",9,43,美国 德国剧情 动作 悬疑 惊悚
"
马丁・布莱斯MartinBrest",530877人评价,史上最美的探戈。, 阿尔・帕西诺 Al Pacino / 克里斯...,闻香识女人,https://img1.doubanio.com/view/photo/s_ratio_poster/public/p2550757929.jpg,"

                            1992
                        ",9,44,美国剧情
"
李F益Jun-ikLee",360370人评价,受过伤害的人总是笑得最开心，因为他们不愿意让身边的人承受一样的痛苦。, 薛景求 Kyung-gu Sol / 严志媛 Ji-won Uhm ...,素媛,https://img3.doubanio.com/view/photo/s_ratio_poster/public/p2118532944.jpg,"
                            
                            2013
                        ",9.2,45,韩国剧情
"
杨宇硕Woo-seokYang",369823人评价,电影的现实意义大过电影本身。, 宋康昊 Kang-ho Song / 吴达洙 Dal-su O...,辩护人,https://img3.doubanio.com/view/photo/s_ratio_poster/public/p2158166535.jpg,"
                                                  2013
                        ",9.2,46,韩国剧情
"
娜丁・拉巴基NadineLabaki",444202人评价,凝视卑弱生命，用电影改变命运。, 扎因・拉费阿 Zain al-Rafeea / ...,何以为家,https://img1.doubanio.com/view/photo/s_ratio_poster/public/p2555295759.jpg,"
                                                 2018
                        ",9.1,47,黎巴嫩 法国 美国剧情
"
弗洛里安・亨克尔・冯・多纳斯马尔克FlorianHenckelvonDonnersmarck&n...",362370人评价,别样人生。,...,窃听风暴,https://img1.doubanio.com/view/photo/s_ratio_poster/public/p1808872109.jpg,"

                            2006
                        ",9.1,48,德国剧情 悬疑
"
彼得・威尔PeterWeir",441397人评价,当一个死水般的体制内出现一个活跃的变数时，所有的腐臭都站在了光明的对面。,主演: 罗宾・威廉姆斯 Robin Williams / 罗伯...,死亡诗社,https://img3.doubanio.com/view/photo/s_ratio_poster/public/p1650499822.jpg,"
                            
                            1989
                        ",9.1,49,美国剧情
"
弗朗西斯・福特・科波拉FrancisFordCoppola..",315902人评价,优雅的孤独。, 阿尔・帕西诺 A.,教父2,https://img1.doubanio.com/view/photo/s_ratio_poster/public/p2194138787.jpg,"
                     1974
                        ",9.2,50,美国剧情 犯罪
"
GuyRitchie???",388603人评价,4个臭皮匠顶个诸葛亮，盖・里奇果然不是盖的。,主演: Jason Flemyng / Dexter Fletcher / Nick Moran,两杆大烟枪,https://img1.doubanio.com/view/photo/s_ratio_poster/public/p792443418.jpg,"
                                                   1998
                        ",9.1,51,英国剧情 喜剧 犯罪
"
彼得・杰克逊PeterJackson???",427850人评价,承前启后的史诗篇章。, 伊利亚・伍德 Elijah Wood / 西恩...,指环王2：双塔奇兵,https://img9.doubanio.com/view/photo/s_ratio_poster/public/p909265336.jpg,"
                            
                            2002
                        ",9.1,52,美国 新西兰剧情 动作 奇幻 冒险
"
米洛斯・福尔曼Milo?Forman",393017人评价,自由万岁。, 杰克・尼科尔森 Jack Nichols...,飞越疯人院,https://img1.doubanio.com/view/photo/s_ratio_poster/public/p792238287.jpg,"
                                                   1975
                        ",9.1,53,美国剧情
"
RogerAllers/罗伯・明可夫RobMinkoff",478305人评价,动物版《哈姆雷特》。, 乔纳森・泰勒・托马...,狮子王,https://img1.doubanio.com/view/photo/s_ratio_poster/public/p2277799019.jpg,"
                            
                            1994
                        ",9,54,美国动画 冒险 歌舞
"
彼得・杰克逊PeterJackson",480885人评价,传说的开始。, 伊利亚・伍德 Elijah Wood / 西恩...,指环王1：魔戒再现,https://img3.doubanio.com/view/photo/s_ratio_poster/public/p1354436051.jpg,"
                     2001                 ",9,55,新西兰 美国剧情 动作 奇幻 冒险
"
詹姆斯・麦克特格JamesMcTeigue",678704人评价,一张面具背后的理想与革命。, 娜塔莉・波特曼 Natalie Por...,V字仇杀队,https://img3.doubanio.com/view/photo/s_ratio_poster/public/p1465235231.jpg,"
                        2005                 ",8.9,56,美国 英国 德国剧情 动作 科幻 惊悚
"
朗・霍华德RonHoward",473763人评价,爱是一切逻辑和原由。, 罗素・克劳 Russell Crowe / 艾德・哈...,美丽心灵,https://img3.doubanio.com/view/photo/s_ratio_poster/public/p1665997400.jpg,"
                                                    2001
                        ",9,57,美国传记 剧情
"
李安AngLee",341138人评价,人生不能像做菜，把所有的料都准备好了才下锅。, 郎雄 Sihung Lung / 杨贵媚 Kuei-Mei Yang / 吴...,饮食男女,https://img3.doubanio.com/view/photo/s_ratio_poster/public/p1910899751.jpg,"
                                                 1994
                        ",9.1,58,中国台湾 美国剧情 家庭
"
万籁鸣LaimingWan/唐澄ChengTang",214152人评价,经典之作，历久弥新。, 邱岳峰 Yuefeng Qiu /...,大闹天宫,https://img1.doubanio.com/view/photo/s_ratio_poster/public/p2184505167.jpg,"
                      1961(中国大陆)1964(中国大陆)1978(中国大陆)2004(中国大陆)
                        ",9.3,59,中国大陆动画 奇幻
"
ChrisColumbus",518379人评价,童话世界的开端。, Daniel Radcliffe / Emma Watson / Rupert Grint,哈利・波特与魔法石,https://img9.doubanio.com/view/photo/s_ratio_poster/public/p804947166.jpg,"
                            
                            2001
                        ",8.9,60,美国 英国奇幻 冒险
"
罗曼・波兰斯基RomanPolanski",315518人评价,音乐能化解仇恨。,"?? 艾德里安・布洛迪 Adrien Brod...,",钢琴家,https://img3.doubanio.com/view/photo/s_ratio_poster/public/p792376093.jpg,"
                            
                            2002                 ",9.1,61,法国 德国 英国 波兰剧情 传记 历史 战争 音乐
"
路易・西霍尤斯LouiePsihoyos",259085人评价,海豚的微笑，是世界上最高明的伪装。, Richard O'Barry / 路易・西霍...,海豚湾,https://img1.doubanio.com/view/photo/s_ratio_poster/public/p2559579779.jpg,"
 
                            2009
                        ",9.3,62,美国纪录片
"
大卫・芬奇DavidFincher",619654人评价,在时间之河里感受溺水之苦。, 凯特・布兰切特 Cate Blanchett / ...,本杰明・巴顿奇事,https://img3.doubanio.com/view/photo/s_ratio_poster/public/p2192535722.jpg,"
                                                 2008                   ",8.9,63,美国剧情 爱情 奇幻
"
岩井俊二ShunjiIwai",577605人评价,暗恋的极致。, 中山美穗 Miho Nakayama / 丰川悦司 Ets...,情书,https://img1.doubanio.com/view/photo/s_ratio_poster/public/p449897379.jpg,"
                            
                            1995
                        ",8.9,64,日本剧情 爱情
"
安迪・沃卓斯基AndyWachowski/拉娜・沃卓斯基LanaWachowski",471892人评价,视觉革命。,主...,黑客帝国,https://img1.doubanio.com/view/photo/s_ratio_poster/public/p451926968.jpg,"
                                                1999
                        ",9,65,美国 澳大利亚动作 科幻
"
奥里奥尔・保罗OriolPaulo",695205人评价,你以为你以为的就是你以为的。, 马里奥・卡萨斯 Mario Casas / 阿...,看不见的客人,https://img3.doubanio.com/view/photo/s_ratio_poster/public/p2498971355.jpg,"
                     2016
                        ",8.8,66,西班牙剧情 犯罪 悬疑 惊悚
"
姜文WenJiang",1007705人评价,你给我翻译翻译，神马叫做TMD的惊喜。,? 姜文 Wen Jiang / 葛优 You Ge / 周润发 Yun-F...,让子弹飞,https://img1.doubanio.com/view/photo/s_ratio_poster/public/p1512562287.jpg,"
                            
                            2010                 ",8.8,67,中国大陆 中国香港剧情 喜剧 动作 西部
"
朱塞佩・托纳多雷GiuseppeTornatore",599549人评价,美丽无罪。, 莫妮卡・贝鲁奇 Monica ...,西西里的美丽传说,https://img1.doubanio.com/view/photo/s_ratio_poster/public/p2441988159.jpg,"
                            
                            2000
                        ",8.8,68,意大利 美国剧情 战争 情色
"
马基德・马基迪MajidMajidi",239102人评价,奔跑的孩子是天使。, 法拉赫阿米尔・哈什米安 Amir Fa...,小鞋子,https://img9.doubanio.com/view/photo/s_ratio_poster/public/p2173580536.jpg,"
                            
                            1997
                        ",9.2,69,伊朗剧情 儿童 家庭
"
史蒂文・斯皮尔伯格StevenSpielberg",455210人评价,骗子大师和执著警探的你追我跑故事。 , 莱昂纳多・迪卡普里奥 L...,猫鼠游戏,https://img3.doubanio.com/view/photo/s_ratio_poster/public/p453924541.jpg,"

                            2002
                        ",8.9,70,美国 加拿大传记 犯罪 剧情
"
史蒂文・斯皮尔伯格StevenSpielberg",398394人评价,美利坚精神输出大片No1., 汤姆・汉克斯 Tom Hanks...,拯救大兵瑞恩,https://img9.doubanio.com/view/photo/s_ratio_poster/public/p1014542496.jpg,"
                                                  1998                  ",9,71,美国剧情 历史 战争
"
赛尔乔・莱翁内SergioLeone",265756人评价,往事如烟，无处祭奠。, 罗伯特・德尼罗 Robert De Niro ...,美国往事,https://img1.doubanio.com/view/photo/s_ratio_poster/public/p477229647.jpg,"
                                                   1984                  ",9.2,72,美国 意大利犯罪 剧情
"
罗伯特・怀斯RobertWise",368388人评价,用音乐化解仇恨，让歌声串起美好。, 朱莉・安德鲁斯 Julie Andrews / 克...,音乐之声,https://img1.doubanio.com/view/photo/s_ratio_poster/public/p453788577.jpg,"
                            
                            1965                ",9,73,美国剧情 传记 爱情 歌舞
"
文牧野MuyeWen",1286545人评价,对我们国家而言，这样的电影多一部是一部。, 徐峥 Zheng Xu / 王传君 Chuanjun Wang / 周...,我不是药神,https://img9.doubanio.com/view/photo/s_ratio_poster/public/p2561305376.jpg,"
                            
                            2018
                        ",9,74,中国大陆剧情 喜剧
"
克里斯托弗・诺兰ChristopherNolan",530721人评价,孪生蝙蝠侠大战克隆金刚狼。, 休・杰克曼 Hugh Jackman...,致命魔术,https://img3.doubanio.com/view/photo/s_ratio_poster/public/p480383375.jpg,"
                                                    2006                   ",8.8,75,美国 英国剧情 悬疑 惊悚
"
大卫・芬奇DavidFincher",627939人评价,警察抓小偷，老鼠玩死猫。, 摩根・弗里曼 Morgan Freeman / 布...,七宗罪,https://img3.doubanio.com/view/photo/s_ratio_poster/public/p457631605.jpg,"
                            
                            1995               ",8.8,76,美国剧情 犯罪 悬疑 惊悚
"
昆汀・塔伦蒂诺QuentinTarantino",530666人评价,故事的高级讲法。, 约翰・特拉沃尔塔 John Tra...,低俗小说,https://img3.doubanio.com/view/photo/s_ratio_poster/public/p1910902213.jpg,"
 
                            1994
                        ",8.8,77,美国剧情 喜剧 犯罪
"
马克・赫尔曼MarkHerman",288651人评价,尽管有些不切实际的幻想，这部电影依旧是一部感人肺腑的佳作。, 阿萨・巴特菲尔德 Asa Butterfield ...,穿条纹睡衣的男孩,https://img3.doubanio.com/view/photo/s_ratio_poster/public/p1473670352.jpg,"
                            
                            2008
                        ",9.1,78,英国 美国剧情 战争
"
中岛哲也TetsuyaNakashima",476150人评价,以戏谑来戏谑戏谑。, 中谷美纪 Miki Nakatani / 瑛太 E...,被嫌弃的松子的一生,https://img9.doubanio.com/view/photo/s_ratio_poster/public/p884763596.jpg,"
   
                            2006
                        ",8.9,79,日本剧情 歌舞
"
乔纳森・戴米JonathanDemme",529492人评价,安东尼・霍普金斯的顶级表演。, 朱迪・福斯特 Jodie Foster / 安...,沉默的羔羊,https://img1.doubanio.com/view/photo/s_ratio_poster/public/p1593414327.jpg,"
                                                 1991
                        ",8.8,80,美国剧情 犯罪 惊悚
"
埃里克・布雷斯EricBress/J・麦基・格鲁伯J.MackyeGruber",583645人评价,人的命运被自己瞬间的抉择改变。, 主...,蝴蝶效应,https://img1.doubanio.com/view/photo/s_ratio_poster/public/p2209066019.jpg,"
                            
                            2004              ",8.8,81,"美国 加拿大剧情 悬疑 科幻 惊悚
          "
"
王家卫KarWaiWong",394459人评价,爱情纠缠，男女一致。, 张国荣 Leslie Cheung / 梁朝伟 Tony Leu...,春光乍泄,https://img3.doubanio.com/view/photo/s_ratio_poster/public/p465939041.jpg,"
                                                 1997                  ",8.9,82,中国香港 日本 韩国剧情 爱情 同性
"
格斯・范・桑特GusVanSant",431900人评价,人生中应该拥有这样的一段豁然开朗。, 马特・达蒙 Matt Damon / 罗宾・..,心灵捕手,https://img3.doubanio.com/view/photo/s_ratio_poster/public/p480965695.jpg,"
                            
                            1997
                        ",8.9,83,美国剧情
"
MartinScorsese",577168人评价,昔日翩翩少年，今日大腹便便。, 莱昂纳多・迪卡普里奥 Leonardo DiCaprio / ...,禁闭岛,https://img1.doubanio.com/view/photo/s_ratio_poster/public/p1832875827.jpg,"
                                                  2010
                        ",8.8,84,美国剧情 悬疑 惊悚
"
梅尔・吉布森MelGibson",407390人评价,史诗大片的典范。, 梅尔・吉布森 Mel Gibson / 苏菲・玛...,勇敢的心,https://img3.doubanio.com/view/photo/s_ratio_poster/public/p1374546770.jpg,"
                                                 1995                   ",8.9,85,美国动作 传记 剧情 历史 战争
"
蒂姆・波顿TimBurton",715132人评价,浪漫忧郁的成人童话。, 约翰尼・德普 Johnny Depp / 薇诺娜・...,剪刀手爱德华,https://img1.doubanio.com/view/photo/s_ratio_poster/public/p480956937.jpg,"
                            
                            1990
                        ",8.7,86,美国剧情 奇幻 爱情
"
韦斯・安德森WesAnderson",540715人评价,小清新的故事里注入了大历史的情怀。, 拉尔夫・费因斯 Ralph Fiennes / ...,布达佩斯大饭店,https://img3.doubanio.com/view/photo/s_ratio_poster/public/p2178872593.jpg,"
                            2014            ",8.8,87,"美国 德国 英国剧情 喜剧 冒险
            "
"
让-皮埃尔・热内Jean-PierreJeunet",692309人评价,法式小清新。 , 奥黛丽・塔图 Audrey Tau...,天使爱美丽,https://img3.doubanio.com/view/photo/s_ratio_poster/public/p2447590313.jpg,"
                                                 2001                   ",8.7,88,法国 德国喜剧 爱情
"
詹姆斯・卡梅隆JamesCameron",841604人评价,绝对意义上的美轮美奂。, 萨姆・沃辛顿 Sam Worthington ...,阿凡达,https://img1.doubanio.com/view/photo/s_ratio_poster/public/p2180085848.jpg,"
                            
                            2009
                        ",8.7,89,美国 英国动作 科幻 冒险
"
查理・卓别林CharlesChaplin",165275人评价,大时代中的人生，小人物的悲喜。, 查理・卓别林 Charles Chaplin ...,摩登时代,https://img1.doubanio.com/view/photo/s_ratio_poster/public/p2263408369.jpg,"

                            1936            ",9.3,90,"?美国剧情 喜剧 爱情
           "
"
戈尔・维宾斯基GoreVerbinski",556092人评价,约翰尼・德普的独角戏。, 约翰尼・德普 Johnny Depp / ...,加勒比海盗,https://img9.doubanio.com/view/photo/s_ratio_poster/public/p1596085504.jpg,"
                            
                            2003
                        ",8.7,91,美国动作 冒险 奇幻
"
宫崎骏HayaoMiyazaki",353168人评价,人与自然的战争史诗。, 松田洋治 Yji Matsuda / 石田百合...,幽灵公主,https://img3.doubanio.com/view/photo/s_ratio_poster/public/p1613191025.jpg,"

                            1997
                        ",8.9,92,日本动画 奇幻 冒险
"
JamesMangold",484709人评价,最不可能的那个人永远是最可能的。, John Cusack / Ray Liotta / Amanda Peet,致命ID,https://img9.doubanio.com/view/photo/s_ratio_poster/public/p2558364386.jpg,"
                            
                            2003
                        ",8.8,93,美国剧情 悬疑 惊悚
"
泷田洋二郎YjirTakita",417817人评价,死可能是一道门，逝去并不是终结，而是超越，走向下一程。, 本木雅弘 Masahiro Motoki / ...,入殓师,https://img1.doubanio.com/view/photo/s_ratio_poster/public/p594972928.jpg,"
                            
                            2008                ",8.8,94,"日本剧情
        "
"
李安AngLee",478061人评价,每个人心中都有一座断背山。, 希斯・莱杰 Heath Ledger / 杰克・吉伦哈尔 Jake...,断背山,https://img1.doubanio.com/view/photo/s_ratio_poster/public/p513535588.jpg,"
                                                2005
                        ",8.8,95,美国 加拿大剧情 爱情 同性 家庭
"
周星驰StephenChow/李力持Lik-ChiLee",560498人评价,我是一个演员。, 周星驰 Stephen Ch...,喜剧之王,https://img9.doubanio.com/view/photo/s_ratio_poster/public/p1043597424.jpg,"
                            
                            1999                   ",8.7,96,中国香港喜剧 剧情 爱情
"
姜文WenJiang",402509人评价,一场华丽的意淫。, 夏雨 Yu Xia / 宁静 Jing Ning / 陶虹 Hong Tao,阳光灿烂的日子,https://img3.doubanio.com/view/photo/s_ratio_poster/public/p2564685215.jpg,"
                                                1994
                        ",8.8,97,中国大陆 中国香港剧情 爱情
"
王家卫KarWaiWong",501874人评价,寂寞没有期限。, 林青霞 Brigitte Lin / 金城武 Takeshi K...,重庆森林,https://img3.doubanio.com/view/photo/s_ratio_poster/public/p792381411.jpg,"
                            
                            1994                 ",8.7,98,中国香港剧情 爱情
"
托马斯・温特伯格ThomasVinterberg",210909人评价,人言可畏。, 麦斯・米科尔森 Mads Mik...,狩猎,https://img1.doubanio.com/view/photo/s_ratio_poster/public/p1546987967.jpg,"                     2012
                        ",9.1,99,丹麦 瑞典剧情
"
M・奈特・沙马兰M.NightShyamalan",345858人评价,深入内心的恐怖，出人意料的结局。, 布鲁斯・威利斯 Bruce Wi...,第六感,https://img3.doubanio.com/view/photo/s_ratio_poster/public/p2220184425.jpg,"
   
                            1999
                        ",8.8,100,美国剧情 悬疑 惊悚
"
阿兰・葛斯彭纳AlainGsponer",174708人评价,如果生活中有什么使你感到快乐，那就去做吧！不要管别人说什么。, 阿努克・斯特芬 Anuk Steffen /...,海蒂和爷爷,https://img3.doubanio.com/view/photo/s_ratio_poster/public/p2554525534.jpg,"
                                                   2015
                        ",9.2,101,德国 瑞士 南非剧情 冒险 家庭
"
亚当・艾略特AdamElliot",302420人评价,你是我最好的朋友，你是我唯一的朋友 。, 托妮・科莱特 Toni Collette / 菲利...,玛丽和马克思,https://img1.doubanio.com/view/photo/s_ratio_poster/public/p1820615077.jpg,"
                            
                            2009                  ",8.9,102,澳大利亚 剧情喜剧动画
"
奉俊昊Joon-hoBong",374911人评价,关于连环杀人悬案的集体回忆。, 宋康昊 Kang-ho Song / 金相庆 Sang-kyun...,杀人回忆,https://img1.doubanio.com/view/photo/s_ratio_poster/public/p480225538.jpg,"
                                                 2003
                        ",8.8,103,韩国犯罪 剧情 悬疑 惊悚
"
大卫・芬奇DavidFincher",562360人评价,年度最佳date movie。, 本・阿弗莱克 Ben Affleck / 罗莎蒙...,消失的爱人,https://img3.doubanio.com/view/photo/s_ratio_poster/public/p2221768894.jpg,"
                                                2014
                        ",8.7,104,美国剧情 犯罪 悬疑 惊悚
"
森淳一JunichiMori",247213人评价,那些静得只能听见呼吸的日子里，你明白孤独即生活。, 桥本爱 Ai Hashimoto / 三浦贵大 Takahir...,小森林 夏秋篇,https://img3.doubanio.com/view/photo/s_ratio_poster/public/p2564498893.jpg,"
                                                    2014
                        ",9,105,日本剧情
"
卢卡・瓜达尼诺LucaGuadagnino",361461人评价,沉醉在电影的情感和视听氛围中无法自拔。, 艾米・汉莫 Armie Hammer / ...,请以你的名字呼唤我,https://img3.doubanio.com/view/photo/s_ratio_poster/public/p2505525050.jpg,"
                            
                            2017                 ",8.8,106,意大利 法国 巴西 美国 荷兰 德国剧情 爱情 同性
"
中岛哲也TetsuyaNakashima",493463人评价,没有一人完全善，也没有一人完全恶。, 松隆子 Takako Matsu / 冈田将生 ...,告白,https://img9.doubanio.com/view/photo/s_ratio_poster/public/p689520756.jpg,"
                            
                            2010
                        ",8.7,107,日本剧情 惊悚
"
杨德昌EdwardYang",222379人评价,我们都曾经是一一。, 吴念真 / 李凯莉 Kelly Lee / 金燕玲 Elai...,一一,https://img3.doubanio.com/view/photo/s_ratio_poster/public/p2567845803.jpg,"
                            
                            2000
                        ",9,108,中国台湾 日本剧情 爱情 家庭
"
蒂姆・波顿TimBurton",370398人评价,抱着梦想而活着的人是幸福的，怀抱梦想而死去的人是不朽的。, 伊万・麦克格雷格 Ewan McGregor / 阿...,大鱼,https://img3.doubanio.com/view/photo/s_ratio_poster/public/p692813374.jpg,"
                     2003
                        ",8.8,109,美国剧情 家庭 奇幻 冒险
"
理查德・林克莱特RichardLinklater",351220人评价,缘分是个连绵词，最美不过一瞬。,主演: 伊桑・霍克 Ethan Hawke ...,爱在黎明破晓前,https://img3.doubanio.com/view/photo/s_ratio_poster/public/p2555762374.jpg,"
                            
                            1995                ",8.8,110,美国 奥地利 瑞士剧情 爱情
"
姜炯哲Hyeong-CheolKang",402434人评价,再多各自牛逼的时光，也比不上一起傻逼的岁月。 , 沈恩京 Eun-kyung Shim / 闵孝琳 Hy...,阳光姐妹淘,https://img1.doubanio.com/view/photo/s_ratio_poster/public/p1374786017.jpg,"
                            
                            2011
                        ",8.8,111,韩国剧情 喜剧
"
今敏SatoshiKon",231430人评价,梦的勾结。, 林原惠美 Megumi Hayashibara / 江守彻 Toru...,红辣椒,https://img3.doubanio.com/view/photo/s_ratio_poster/public/p672363704.jpg,"

                            2006            ",9,112,日本动画 悬疑 科幻 惊悚
"
近藤喜文YoshifumiKondo",276777人评价,少女情怀总是诗。, 本名阳子 Youko Honna / 小林桂树 K...,侧耳倾听,https://img3.doubanio.com/view/photo/s_ratio_poster/public/p456692072.jpg,"
                            
                            1995
                        ",8.9,113,日本剧情 爱情 动画
"
刘镇伟JeffreyLau",408540人评价,百看不厌。 , 梁朝伟 Tony Leung Chiu Wai / 林青霞 Bri...,射雕英雄传之东成西就,https://img1.doubanio.com/view/photo/s_ratio_poster/public/p2535922598.jpg,"
                                           1993
                        ",8.7,114,中国香港喜剧 奇幻 武侠 古装
"
李焕庆Hwan-kyeongLee",305613人评价,《我是山姆》的《美丽人生》。, 柳承龙 Seung-yong Ryoo / 朴信惠 Shi...,7号房的礼物,https://img3.doubanio.com/view/photo/s_ratio_poster/public/p1816276065.jpg,"
                     2013               ",8.8,115,韩国剧情 喜剧 家庭
"
陈可辛PeterChan",325494人评价,相逢只要一瞬间，等待却像是一辈子。, 黎明 Leon Lai / 张曼玉 Maggie Cheung / ...,甜蜜蜜,https://img3.doubanio.com/view/photo/s_ratio_poster/public/p1962839732.jpg,"
                            
                            1996              ",8.8,116,中国香港剧情 爱情
"
托尼・凯耶TonyKaye",279984人评价,穷尽一生，我们要学会的，不过是彼此拥抱。, 艾德里安・布洛迪 Adrien Brody / 马西...,超脱,https://img3.doubanio.com/view/photo/s_ratio_poster/public/p1305562621.jpg,"
                            
                            2011       ",8.9,117,"美国剧情
                 "
"
程小东Siu-TungChing",432016人评价,两张绝世的脸。 , 张国荣 Leslie Cheung / 王祖贤 Joey W...,倩女幽魂,https://img3.doubanio.com/view/photo/s_ratio_poster/public/p2414157745.jpg,"
                            
                            1987
                        ",8.7,118,中国香港爱情 奇幻 武侠 古装
"
大卫・叶茨DavidYates",440910人评价,10年的完美句点。, 丹尼尔・雷德克里夫 Daniel Radcliffe...,哈利・波特与死亡圣器(下),https://img3.doubanio.com/view/photo/s_ratio_poster/public/p917846733.jpg,"
                            
                            2011
                        ",8.8,119,美国 英国剧情 悬疑 奇幻 冒险
"
森淳一JunichiMori",214507人评价,尊敬他人，尊敬你生活的这片土地，明白孤独是人生的常态。, 桥本爱 Ai Hashimoto / 三浦贵大 Takahir...,小森林 冬春篇,https://img1.doubanio.com/view/photo/s_ratio_poster/public/p2215147728.jpg,"
                                        2015
                        ",9,120,日本剧情
"
迪恩・德布洛斯DeanDeBlois/克里斯・桑德斯ChrisSanders",469877人评价,和谐的生活离不开摸头与被摸头。, ...,驯龙高手,https://img3.doubanio.com/view/photo/s_ratio_poster/public/p2210954024.jpg,"
                2010
                        ",8.7,121,美国动画 奇幻 冒险
"
克里斯托弗・诺兰ChristopherNolan???",447976人评价,诺兰就是保证。, 克里斯蒂安・贝尔 Christ...,蝙蝠侠：黑暗骑士崛起,https://img3.doubanio.com/view/photo/s_ratio_poster/public/p1706428744.jpg,"
                                             2012
                        ",8.7,122,美国 英国剧情 动作 科幻 犯罪 惊悚
"
北野武TakeshiKitano",309151人评价,从没见过那么流氓的温柔，从没见过那么温柔的流氓。, 北野武 Takeshi Kitano / 关口雄介 Yus...,菊次郎的夏天,https://img3.doubanio.com/view/photo/s_ratio_poster/public/p751835224.jpg,"
                                                   1999
                        ",8.8,123,日本剧情 喜剧
"
金秉vByeong-wooKim",378105人评价,恐怖分子的“秋菊打官司”。, 河正宇 Jung-woo Ha / 李Z荣 Kyeong-y...,恐怖直播,https://img9.doubanio.com/view/photo/s_ratio_poster/public/p2016930906.jpg,"
                                         2013            ",8.8,124,韩国剧情 犯罪 悬疑
"
理查德・林克莱特RichardLinklater",306022人评价,九年后的重逢是世俗和责任的交叠，没了悸动和青涩，沧桑而温暖。, 伊桑・霍克 Ethan Hawke ...,爱在日落黄昏时,https://img3.doubanio.com/view/photo/s_ratio_poster/public/p2191788134.jpg,"
                   2004
                        ",8.8,125,美国剧情 爱情
"
李力持Lik-ChiLee",599200人评价,华太师是黄，吴镇宇四大才子之一。, 周星驰 Stephen Chow / 巩俐 Li Gong / 陈...,唐伯虎点秋香,https://img3.doubanio.com/view/photo/s_ratio_poster/public/p1946455272.jpg,"
                                                1993           ",8.6,126,中国香港喜剧 爱情 古装
"
大森贵弘TakahiroOmori",288153人评价,触不到的恋人。, 佐仓绫音 Ayane Sakura / 内山昂辉 K...,萤火之森,https://img1.doubanio.com/view/photo/s_ratio_poster/public/p1272904657.jpg,"
                            
                            2011
                        ",8.8,127,日本剧情 爱情 动画 奇幻
"
史蒂文・斯皮尔伯格StevenSpielberg",331236人评价,有时候幸福需要等一等。 , 汤姆・汉克斯 Tom Hanks...,幸福终点站,https://img3.doubanio.com/view/photo/s_ratio_poster/public/p854755094.jpg,"
                            
                            2004
                        ",8.8,128,美国喜剧 剧情 爱情
"
唐・霍尔DonHall/克里斯・威廉姆斯ChrisWilliams",610092人评价,Balalala~~~, 斯科特...,超能陆战队,https://img1.doubanio.com/view/photo/s_ratio_poster/public/p2224568669.jpg,"
                            
                            2014
                        ",8.6,129,美国喜剧 动作 科幻 动画 冒险
"
宫崎骏HayaoMiyazaki",257278人评价,动画片的圣经。, 岛本须美 Sumi Shimamoto / 松田洋治 Y...,风之谷,https://img3.doubanio.com/view/photo/s_ratio_poster/public/p1917567652.jpg,"
                                              1984
                        ",8.8,130,日本动画 奇幻 冒险
"
米林宏昌HiromasaYonebayashi",328874人评价,曾经的那段美好会沉淀为一辈子的记忆。, 志田未来 Mirai Shida / 神木...,借东西的小人阿莉埃蒂,https://img9.doubanio.com/view/photo/s_ratio_poster/public/p617533616.jpg,"
                                               2010
                        ",8.8,131,日本动画 奇幻 冒险
"
是枝裕和HirokazuKoreeda",151111人评价,我的平常生活就是他人的幸福。, 柳乐优弥 Y?ya Yagira / 北浦爱...,无人知晓,https://img3.doubanio.com/view/photo/s_ratio_poster/public/p661160053.jpg,"
                                          2004
                        ",9.1,132,日本剧情
"
皮艾尔・柯芬PierreCoffin/克里斯・雷纳德ChrisRenaud",614620人评价,Mr. I Don't Care其实也有Care的时候。, ...,神偷奶爸,https://img1.doubanio.com/view/photo/s_ratio_poster/public/p792776858.jpg,"
                                                  2010
                        ",8.6,133,美国 法国喜剧 动画 冒险
"
费尔南多・梅里尔斯FernandoMeirelles/卡迪亚・兰德KátiaLund&nbsp...",210229人评价,被上帝抛弃了的上帝之城。, ...,上帝之城,https://img3.doubanio.com/view/photo/s_ratio_poster/public/p455677490.jpg,"
                                       2002
                        ",8.9,134,巴西 法国犯罪 剧情
"
彼特・道格特PeteDocter/大卫・斯沃曼DavidSilverman",390204人评价,不要给它起名字，起了名字就有感情了。, 约...,怪兽电力公司,https://img1.doubanio.com/view/photo/s_ratio_poster/public/p2513247938.jpg,"
                            
                            2001
                        ",8.7,135,美国儿童 喜剧 动画 奇幻 冒险
"
李・昂克里奇LeeUnkrich",302234人评价,跨度十五年的欢乐与泪水。, 汤姆・汉克斯 Tom Hanks / 蒂姆・艾...,玩具总动员3,https://img1.doubanio.com/view/photo/s_ratio_poster/public/p1283675359.jpg,"
                                              2010
                        ",8.8,136,美国喜剧 动画 奇幻 冒险
"
梅尔・吉布森MelGibson",508322人评价,优秀的战争片不会美化战场，不会粉饰死亡，不会矮化敌人，不会无视常识，最重要的，不会宣扬战争。, 安德鲁・加菲尔德 Andrew Garfield /...,血战钢锯岭,https://img1.doubanio.com/view/photo/s_ratio_poster/public/p2398141939.jpg,"
                                                2016
                        ",8.7,137,美国 澳大利亚剧情 传记 历史 战争
"
詹姆斯・温JamesWan",311558人评价,真相就在眼前。, 雷・沃纳尔 Leigh Whannell / 加利・艾...,电锯惊魂,https://img3.doubanio.com/view/photo/s_ratio_poster/public/p2565332644.jpg,"
                            
                            2004
                        ",8.7,138,美国悬疑 惊悚 恐怖
"
罗启锐AlexLaw",414007人评价,岁月流逝，来日可追。, 吴君如 Sandra Ng / 任达华 Simon Yam / 钟绍...,岁月神偷,https://img3.doubanio.com/view/photo/s_ratio_poster/public/p456666151.jpg,"
                                                2010       ",8.7,139,中国香港 中国大陆剧情 家庭
"
李安AngLee",210644人评价,中国家庭的喜怒哀乐忍。, 赵文u Winston Chao / 郎雄 Sihung Lung / 归亚...,喜宴,https://img9.doubanio.com/view/photo/s_ratio_poster/public/p2173713676.jpg,"
                            
                            1993
                        ",8.9,140,中国台湾 美国剧情 喜剧 爱情 同性 家庭
"
黑泽明AkiraKurosawa",117819人评价,时代悲歌。, 三船敏郎 Toshir? Mifune / 志村乔 ...,七武士,https://img3.doubanio.com/view/photo/s_ratio_poster/public/p2215886505.jpg,"
                            
                            1954
                        ",9.2,141,日本动作 冒险 剧情
"
保罗・格林格拉斯PaulGreengrass",271917人评价,像吃了苏打饼一样干脆的电影。, 马特・达蒙 Matt Damon / ...,谍影重重3,https://img1.doubanio.com/view/photo/s_ratio_poster/public/p792223507.jpg,"
                                           2007
                        ",8.8,142,美国 德国动作 悬疑 惊悚
"
吴宇森JohnWoo",303341人评价,英雄泪短，兄弟情长。 , 周润发 Yun-Fat Chow / 狄龙 Lung Ti / 张国...,英雄本色,https://img1.doubanio.com/view/photo/s_ratio_poster/public/p2504997087.jpg,"
                            
                            1986
                        ",8.7,143,中国香港剧情 动作 犯罪
"
理查德・柯蒂斯RichardCurtis",328122人评价,把每天当作最后一天般珍惜度过，积极拥抱生活，就是幸福。, 多姆纳尔・格里森 Domhnall Gl...,时空恋旅人,https://img3.doubanio.com/view/photo/s_ratio_poster/public/p2070153774.jpg,"
                       2013
                        ",8.7,144,英国喜剧 爱情 奇幻
"
乔・怀特JoeWright",460706人评价,爱是摈弃傲慢与偏见之后的曙光。, 凯拉・奈特莉 Keira Knightley / 马修・...,傲慢与偏见,https://img3.doubanio.com/view/photo/s_ratio_poster/public/p452005185.jpg,"
                            
                            2005            ",8.6,145,法国 英国 美国剧情 爱情
"
克林特・伊斯特伍德ClintEastwood",139618人评价,坏人的好总是比好人的好来得更感人。, 凯文・科斯特纳 Kevin Cos...,完美的世界,https://img3.doubanio.com/view/photo/s_ratio_poster/public/p792403691.jpg,"
              1993                ",9.1,146,美国剧情 犯罪
"
科克・德・米科KirkDeMicco/克里斯・桑德斯ChrisSanders",551206人评价,老少皆宜，这就是好莱坞动画的魅力。, ...,疯狂原始人,https://img1.doubanio.com/view/photo/s_ratio_poster/public/p1867084027.jpg,"
                                               2013
                        ",8.7,147,美国喜剧 动画 冒险
"
高x勋IsaoTakahata",288062人评价,幸福是生生不息，却难以触及的远。 , 辰己努 / 白石绫乃 / 志乃原良子,萤火虫之墓,https://img1.doubanio.com/view/photo/s_ratio_poster/public/p1157334208.jpg,"
                                           1988
                        ",8.7,148,日本动画 剧情 战争
"
王家卫KarWaiWong",386777人评价,电影诗。, 张国荣 Leslie Cheung / 林青霞 Brigitte...,东邪西毒,https://img3.doubanio.com/view/photo/s_ratio_poster/public/p1982176012.jpg,"
                                                 1994
                        ",8.6,149,中国香港 中国台湾剧情 动作 爱情 武侠 古装
"
达米恩・查泽雷DamienChazelle",343815人评价,这个世界从不善待努力的人，努力了也不一定会成功，但是知道自己在努力，就是活下去的动力。, 迈尔斯・特勒 Miles Teller /...,爆裂鼓手,https://img3.doubanio.com/view/photo/s_ratio_poster/public/p2220776342.jpg,"

                            2014
                        ",8.7,150,美国剧情 音乐
"
理查德・柯蒂斯RichardCurtis",451931人评价,爱，是个动词。, 休・格兰特 Hugh Grant / 柯林...,真爱至上,https://img3.doubanio.com/view/photo/s_ratio_poster/public/p475600770.jpg,"
                                               2003
                        ",8.6,151,英国 美国 法国喜剧 剧情 爱情
"
弗朗西斯・福特・科波拉FrancisFordCoppola",207944人评价,任何信念的力量，都无法改变命运。, 阿尔・帕西诺 A...,教父3,https://img3.doubanio.com/view/photo/s_ratio_poster/public/p2169664351.jpg,"
                      1990
                        ",8.9,152,美国剧情 犯罪
"
彼得・法雷里PeterFarrelly",848760人评价,, 维果・莫腾森 Viggo Mortensen /...,绿皮书,https://img3.doubanio.com/view/photo/s_ratio_poster/public/p2549177902.jpg,"
                                                  2018
                        ",8.9,153,美国剧情 喜剧 传记
"
丹尼・鲍尔DannyBoyle/洛芙琳・坦丹LoveleenTandan",518963人评价,上帝之城+猜火车+阿甘正传+开心辞典=山寨富翁, 戴夫...,贫民窟的百万富翁,https://img3.doubanio.com/view/photo/s_ratio_poster/public/p2434249040.jpg,"
                                               2008
                        ",8.6,154,英国 美国剧情 爱情
"
吴宇森JohnWoo",246476人评价,香港浪漫主义警匪动作片的巅峰之作。, 周润发 Yun-Fat Chow / 张国荣 Leslie Cheung...,纵横四海,https://img9.doubanio.com/view/photo/s_ratio_poster/public/p2272146906.jpg,"
                                            1991
                        ",8.8,155,中国香港剧情 喜剧 动作 犯罪
"
忻钰坤YukunXin",295551人评价,荒诞讽刺，千奇百巧，抽丝剥茧，百转千回。, 霍卫民 Weimin Huo / 王笑天 Xiaotian Wang ...,心迷宫,https://img9.doubanio.com/view/photo/s_ratio_poster/public/p2276780256.jpg,"
                            
                            2014
                        ",8.7,156,中国大陆剧情 犯罪 悬疑
"
克里斯托弗・诺兰ChristopherNolan",393513人评价,一个针管引发的血案。, 盖・皮尔斯 Guy Pearce /...,记忆碎片,https://img3.doubanio.com/view/photo/s_ratio_poster/public/p641688453.jpg,"
                            
                            2000
                        ",8.6,157,美国犯罪 剧情 悬疑 惊悚
"
达伦・阿罗诺夫斯基DarrenAronofsky",576896人评价,黑暗之美。, 娜塔莉・波特曼 Natalie...,黑天鹅,https://img9.doubanio.com/view/photo/s_ratio_poster/public/p2549648344.jpg,"

                            2010
                        ",8.5,158,美国剧情 惊悚
"
昆汀・塔伦蒂诺QuentinTarantino",384581人评价,热血沸腾，那个低俗、性感的无耻混蛋又来了。, 杰米・福克斯 Jamie Foxx /...,被解救的姜戈,https://img1.doubanio.com/view/photo/s_ratio_poster/public/p1959232369.jpg,"

                            2012
                        ",8.7,159,美国剧情 动作 西部 冒险
"
马丁・麦克唐纳MartinMcDonagh",531386人评价,怼天怼地，你走后，她与世界为敌。, 弗兰西斯・麦克多蒙德 France...,三块广告牌,https://img1.doubanio.com/view/photo/s_ratio_poster/public/p2510081688.jpg,"
                                          2017          ",8.7,160,美国 英国剧情 犯罪
"
达米安・斯兹弗隆DamiánSzifron",244373人评价,始于荒诞，止于更荒诞。, 达里奥・葛兰帝内提 Darío...,荒蛮故事,https://img9.doubanio.com/view/photo/s_ratio_poster/public/p2192834364.jpg,"
                            
                            2014
                        ",8.8,161,阿根廷 西班牙剧情 喜剧 犯罪
"
让-马克・瓦雷Jean-MarcVallée",282688人评价,Jared Leto的腿比女人还美！, 马修・麦康纳 Matthew McCon...,达拉斯买家俱乐部,https://img1.doubanio.com/view/photo/s_ratio_poster/public/p2166160837.jpg,"
                            
                            2013
                        ",8.8,162,美国剧情 传记 同性
"
严定宪DingxianYan/王树忱ShuchenWang",145319人评价,想你时你在闹海。, 梁正晖 Zhenghui ...,哪吒闹海,https://img3.doubanio.com/view/photo/s_ratio_poster/public/p2516566783.jpg,"
                                               1979
                        ",9,163,中国大陆冒险 动画 奇幻
"
王家卫KarWaiWong",357645人评价,偷情本没有这样美。, 梁朝伟 Tony Leung Chiu Wai / 张曼玉 Ma...,花样年华,https://img9.doubanio.com/view/photo/s_ratio_poster/public/p1910828286.jpg,"
                            
                            2000              ",8.6,164,中国香港剧情 爱情
"
杰茜・尼尔森JessieNelson",174179人评价,爱并不需要智商 。, Sean Penn / Dakota Fanning / Mi...,我是山姆,https://img3.doubanio.com/view/photo/s_ratio_poster/public/p652417775.jpg,"
                            
                            2001              ",8.9,165,美国剧情 家庭
"
新海诚MakotoShinkai",834071人评价,穿越错位的时空，仰望陨落的星辰，你没留下你的名字，我却无法忘记那句“我爱你”。, 神木隆之介 Ry?nosuke Kamiki / 上...,你的名字。,https://img1.doubanio.com/view/photo/s_ratio_poster/public/p2395733377.jpg,"
                            
                            2016
                        ",8.4,166,日本剧情 爱情 动画
"
巴瑞・莱文森BarryLevinson",280824人评价,生活在自己的世界里，也可以让周围的人显得可笑和渺小。, 达斯汀・霍夫曼 Dustin Hoffman ...,雨人,https://img3.doubanio.com/view/photo/s_ratio_poster/public/p942376281.jpg,"
                            
                            1988
                        ",8.7,167,美国剧情
"
特瑞・乔治TerryGeorge",173510人评价,当这个世界闭上双眼，他却敞开了怀抱。, 唐・钱德尔 Don Cheadle / 苏菲・奥...,卢旺达饭店,https://img3.doubanio.com/view/photo/s_ratio_poster/public/p470419493.jpg,"
                                              2004
                        ",8.9,168,英国 南非 意大利剧情 历史 战争
"
彼特・道格特PeteDocter/罗纳尔多・德尔・卡门RonaldoDelCarmen&nb...",364201人评价,愿我们都不用长大，每一座城堡都能永远存在。,,头脑特工队,https://img9.doubanio.com/view/photo/s_ratio_poster/public/p2266293606.jpg,"
                                        2015
                        ",8.7,169,美国喜剧 动画 冒险
"
王树忱ShuchenWang/钱运达YundaQian",107301人评价,传奇的年代，醉人的童话。, 丁建华 Jianhua Din...,天书奇谭,https://img1.doubanio.com/view/photo/s_ratio_poster/public/p2515539487.jpg,"

                            1983(中国大陆)2019(中国大陆重映)
                        ",9.2,170,中国大陆动画 奇幻
"
史蒂文・斯皮尔伯格StevenSpielberg",890070人评价,写给影迷，动漫迷和游戏迷的一封情书。, 泰伊・谢里丹 Tye Sheri...,头号玩家,https://img1.doubanio.com/view/photo/s_ratio_poster/public/p2516578307.jpg,"
                            
                            2018
                        ",8.7,171,美国动作 科幻 冒险
"
藤森雅也MasayaFujimori",215660人评价,感情不分食草或者食肉。, 山口胜平 Kappei Yamaguchi / 爱河...,你看起来好像很好吃,https://img3.doubanio.com/view/photo/s_ratio_poster/public/p709670262.jpg,"
                            
                            2010
                        ",8.8,172,日本剧情 动画 儿童
"
肯尼斯・罗纳根KennethLonergan",313375人评价,我们都有权利不与自己的过去和解。, 卡西・阿弗莱克 Casey Affle...,海边的曼彻斯特,https://img3.doubanio.com/view/photo/s_ratio_poster/public/p2421855655.jpg,"
                                                2016              ",8.6,173,美国剧情 家庭
"
瑞奇・莫尔RichMoore",329284人评价,迪士尼和皮克斯拿错剧本的产物。, 约翰・C・赖利 John C. Reilly / 萨拉...,无敌破坏王,https://img9.doubanio.com/view/photo/s_ratio_poster/public/p1735642656.jpg,"
                            
                            2012           ",8.7,174,美国喜剧 动画 奇幻 冒险
"
尼克・卡索维茨NickCassavetes",408693人评价,爱情没有那么多借口，如果不能圆满，只能说明爱的不够。 , 瑞恩・高斯林 Ryan Gosling /...,恋恋笔记本,https://img9.doubanio.com/view/photo/s_ratio_poster/public/p483604864.jpg,"
                                             2004              ",8.5,175,美国剧情 爱情
"
卡洛斯・沙尔丹哈CarlosSaldanha/克里斯・韦奇ChrisWedge",403615人评价,松鼠才是角儿。,主演...,冰川时代,https://img1.doubanio.com/view/photo/s_ratio_poster/public/p1910895719.jpg,"
                                                 2002             ",8.5,176,美国喜剧 动画 冒险
"
今敏SatoshiKon",161076人评价,好的剧本是，就算你猜到了结局也猜不到全部。, 岩男润子 Junko Iwao / 松本梨香 Rica Matsu...,未麻的部屋,https://img3.doubanio.com/view/photo/s_ratio_poster/public/p1351050722.jpg,"

                            1997             ",8.9,177,日本动画 奇幻 惊悚
"
莫滕・泰杜姆MortenTyldum",378513人评价,他给机器起名“克里斯托弗”，因为这是他初恋的名字。, 本尼迪克特・康伯巴奇 Benedict C...,模仿游戏,https://img3.doubanio.com/view/photo/s_ratio_poster/public/p2255040492.jpg,"
                                                  2014
                        ",8.6,178,英国 美国剧情 传记 战争 同性
"
汉内斯・赫尔姆HannesHolm",215351人评价,惠及一生的美丽。, 罗夫・拉斯加德 Rolf Lassg?rd...,一个叫欧维的男人决定去死,https://img3.doubanio.com/view/photo/s_ratio_poster/public/p2406624993.jpg,"
                                           2015
                        ",8.8,179,瑞典剧情
"
Seijir?K?yama",107529人评价,养狗三日，便会对你终其一生。, 山本圭 Kei Yamamoto / 井川比佐志 Hisa...,忠犬八公物语,https://img3.doubanio.com/view/photo/s_ratio_poster/public/p1576418852.jpg,"
                            
                            1987
                        ",9.1,180,日本剧情
"
郭柯KeGuo",183813人评价,有一些东西不应该被遗忘。, ,二十二,https://img1.doubanio.com/view/photo/s_ratio_poster/public/p2457609817.jpg,"
                                          2015
                        ",8.7,181,中国大陆纪录片
"
周星驰StephenChow",525619人评价,警恶惩奸，维护世界和平这个任务就交给你了，好吗？, 周星驰 Stephen Chow / 元秋 Qiu Yuen / ...,功夫,https://img1.doubanio.com/view/photo/s_ratio_poster/public/p2219011938.jpg,"
                                                     2004
                        ",8.5,182,中国大陆 中国香港动作 喜剧 犯罪 奇幻
"
杰拉尔・乌里GérardOury",148934人评价,永远看不腻的喜剧。, 路易・德・菲耐斯 Louis de Funès...,虎口脱险,https://img3.doubanio.com/view/photo/s_ratio_poster/public/p2399597512.jpg,"
                                             1966
                        ",8.9,183,法国 英国喜剧 战争
"
斯坦利・多南StanleyDonen/吉恩・凯利GeneKelly",132439人评价,骨灰级歌舞片。, 吉恩・...,雨中曲,https://img3.doubanio.com/view/photo/s_ratio_poster/public/p1612355875.jpg,"
                            
                            1952
                        ",9,184,美国喜剧 歌舞 爱情
"
AndyWachowski/LarryWachowski",246613人评价,不得不说，《黑客帝国》系列是商业片与科幻、哲学完美结合的典范。, 基努・里维斯 Keanu Reeves...,黑客帝国3：矩阵革命,https://img1.doubanio.com/view/photo/s_ratio_poster/public/p443461818.jpg,"
                  2003
                        ",8.7,185,美国 澳大利亚动作 科幻
"
雅克・贝汉JacquesPerrin/雅克・克鲁奥德JacquesCluzaud",120403人评价,大海啊，不全是水。,...,海洋,https://img9.doubanio.com/view/photo/s_ratio_poster/public/p2559581324.jpg,"
                 2009
                        ",9.1,186,法国 瑞士 西班牙 美国 阿联酋纪录片
"
史蒂文・斯皮尔伯格StevenSpielberg???",274636人评价,对爱的执着，可以超越一切。, 海利・乔・奥斯蒙 Haley...,人工智能,https://img1.doubanio.com/view/photo/s_ratio_poster/public/p792257137.jpg,"
                                                2001
                        ",8.6,187,美国冒险 剧情 科幻
"
伦尼・阿伯拉罕森LennyAbrahamson???",245904人评价,被偷走的岁月，被伤害的生命，被禁锢的灵魂，终将被希望和善意救赎。, 布丽・拉尔森 Brie Larson...,房间,https://img3.doubanio.com/view/photo/s_ratio_poster/public/p2259715855.jpg,"
                                            2015
                        ",8.8,188,爱尔兰 加拿大 英国 美国剧情 家庭
"
是枝裕和HirokazuKoreeda",233574人评价,是枝裕和的家庭习作。, 绫濑遥 Haruka Ayase / 长泽雅美 M..,海街日记,https://img1.doubanio.com/view/photo/s_ratio_poster/public/p2232247487.jpg,"
                                                    2015
                        ",8.7,189,日本剧情 家庭
"
宫崎骏HayaoMiyazaki",297748人评价,宫崎骏的电影总让人感觉世界是美好的，阳光明媚的。, 高山南 Minami Takayama / 佐久间玲 Re...,魔女宅急便,https://img3.doubanio.com/view/photo/s_ratio_poster/public/p456676352.jpg,"
                                               1989             ",8.6,190,日本动画 奇幻 冒险
"
爱德华・兹威克EdwardZwick",194510人评价,传奇，不是每个人都可以拥有。, 布拉德・皮特 Brad Pitt / 安东...,燃情岁月,https://img1.doubanio.com/view/photo/s_ratio_poster/public/p1023654037.jpg,"
                            
                            1994
                        ",8.8,191,美国剧情 爱情 战争 西部
"
克里斯托弗・史密斯ChristopherSmith",490922人评价,不要企图在重复中寻找已经失去的爱。, 梅利莎・乔治 Melissa ...,恐怖游轮,https://img9.doubanio.com/view/photo/s_ratio_poster/public/p462470694.jpg,"
                            
                            2009
                        ",8.4,192,英国 澳大利亚剧情 悬疑 惊悚
"
阿尔弗雷德・希区柯克AlfredHitchcock",139044人评价,故事的反转与反转，分裂电影的始祖。, 安东尼・博金斯 Antho...,惊魂记,https://img3.doubanio.com/view/photo/s_ratio_poster/public/p1021883305.jpg,"
                            1960
                        ",8.9,193,美国悬疑 惊悚 恐怖
"
细田守MamoruHosoda",265956人评价,爱上未来的你。 , 仲里依纱 Riisa Naka / 石田卓也 Takuya...,穿越时空的少女,https://img9.doubanio.com/view/photo/s_ratio_poster/public/p2079334286.jpg,"
                      2006              ",8.6,194,"日本剧情 爱情 科幻 动画
          "
"
黑泽明AkiraKurosawa",190350人评价,人生的N种可能性。, 三船敏郎 Toshir? Mifune / 千秋实 ...,罗生门,https://img1.doubanio.com/view/photo/s_ratio_poster/public/p2564689879.jpg,"
                            
                            1950
                        ",8.8,195,日本犯罪 剧情 悬疑
"
茂文・勒鲁瓦MervynLeRoy",173538人评价,中国式内在的美国电影。, 费雯・丽 Vivien Leigh / 罗伯特・...,魂断蓝桥,https://img1.doubanio.com/view/photo/s_ratio_poster/public/p2351134499.jpg,1940,8.8,196,美国剧情 爱情 战争
"
延尚昊Sang-hoYeon",629514人评价,揭露人性的丧尸题材力作。, 孔侑 Yoo Gong / 郑有美 Yu-mi Jung / 马...,釜山行,https://img1.doubanio.com/view/photo/s_ratio_poster/public/p2360940399.jpg,"
                                                2016
                        ",8.4,197,韩国动作 惊悚 灾难
"
保罗・格诺维瑟PaoloGenovese",353443人评价,来啊，互相伤害啊！, 马可・贾利尼 Marco Giallini ...,完美陌生人,https://img3.doubanio.com/view/photo/s_ratio_poster/public/p2522331945.jpg,"
                    2016                ",8.5,198,意大利剧情 喜剧
"
丹尼・博伊尔DannyBoyle",317486人评价,不可猜的青春迷笛。 , 伊万・麦克格雷格 Ewan McGregor / ...,猜火车,https://img1.doubanio.com/view/photo/s_ratio_poster/public/p513567548.jpg,"
                        1996               ",8.5,199,英国剧情 犯罪
"
斯蒂芬・卓博斯基StephenChbosky",352877人评价,世界不完美，爱会有奇迹。, 雅各布・特伦布莱 Jacob Tr...,奇迹男孩,https://img1.doubanio.com/view/photo/s_ratio_poster/public/p2507709428.jpg,"
                                          2017
                        ",8.6,200,美国 中国香港剧情 儿童 家庭
"
宁浩HaoNing",487891人评价,中国版《两杆大烟枪》。, 郭涛 Tao Guo / 刘桦 Hua Liu / 连晋 Teddy Lin,疯狂的石头,https://img3.doubanio.com/view/photo/s_ratio_poster/public/p712241453.jpg,"
2006
                        ",8.4,201,中国大陆 中国香港喜剧 犯罪
"
詹姆斯・卡梅隆JamesCameron",216988人评价,少见的超越首部的续集，动作片中的经典。, 阿诺・施瓦辛格 Arnold Schwarz...,终结者2：审判日,https://img3.doubanio.com/view/photo/s_ratio_poster/public/p1910909085.jpg,"
                                             1991           ",8.7,202,美国 法国动作 科幻
"
王家卫KarWaiWong",315170人评价,王家卫是一种风格，张国荣是一个代表。, 张国荣 Leslie Cheung / 张曼玉 Maggie C...,阿飞正传,https://img3.doubanio.com/view/photo/s_ratio_poster/public/p2525770523.jpg,"
                            
                            1990          ",8.5,203,中国香港犯罪 剧情 爱情
"
汤姆・提克威TomTykwer",381116人评价,一个单凭体香达到高潮的男人。, 本・卫肖 Ben Whishaw / 艾伦・瑞克...,香水,https://img1.doubanio.com/view/photo/s_ratio_poster/public/p470006658.jpg,"

                            2006              ",8.5,204,德国 法国 西班牙 美国剧情 犯罪 奇幻
"
陆川ChuanLu",183050人评价,坚硬的信仰。, 多布杰 Duobujie / 张磊 Lei Zhang / 亓亮 Qi L...,可可西里,https://img3.doubanio.com/view/photo/s_ratio_poster/public/p2414771522.jpg,"
                                                 2004      ",8.7,205,中国大陆 中国香港剧情 犯罪
"
杨德昌EdwardYang",160394人评价,弱者送给弱者的一刀。, 张震 Chen Chang / 杨静怡 Lisa Yang / 张...,牯岭街少年杀人事件,https://img9.doubanio.com/view/photo/s_ratio_poster/public/p848381236.jpg,"
                                             1991
                        ",8.8,206,中国台湾剧情 犯罪
"
普特鹏・普罗萨卡・那・萨克那卡林PuttipongPromsakaNaSakolnakorn/华森・波克彭...",676526人评价,黑小鸭速效美白记。, ...,初恋这件小事,https://img3.doubanio.com/view/photo/s_ratio_poster/public/p1505312273.jpg,"
                            
                            2010
                        ",8.4,207,泰国剧情 喜剧 爱情
"
朴勋政Hoon-jungPark",174563人评价,要做就做得狠一点，这样才能活下去。, 李政宰 Jung-Jae Lee / 崔岷植 Min-sik...,新世界,https://img1.doubanio.com/view/photo/s_ratio_poster/public/p1903379979.jpg,"
                                              2013             ",8.8,208,"韩国剧情 犯罪
           "
"
保罗・格林格拉斯PaulGreengrass",231489人评价,谁说王家卫镜头很晃？, 马特・达蒙 Matt Damon / ...,谍影重重2,https://img9.doubanio.com/view/photo/s_ratio_poster/public/p667644866.jpg,"
                                               2004
                        ",8.6,209,美国 德国动作 悬疑 惊悚
"
道格・里曼DougLiman",275934人评价,哗啦啦啦啦，天在下雨，哗啦啦啦啦，云在哭泣……找自己。, 马特・达蒙 Matt Damon / 弗兰卡・波坦...,谍影重重,https://img3.doubanio.com/view/photo/s_ratio_poster/public/p1597183981.jpg,"
                     2002                        ",8.6,210,美国 德国 捷克动作 悬疑 惊悚
"
伏原健之KenshiFushihara",54132人评价,, 津端修一 Sh?ichi Tsubata / 津...,人生果实,https://img3.doubanio.com/view/photo/s_ratio_poster/public/p2544912792.jpg,"
                        2017              ",9.6,211,日本纪录片
"
安德鲁・尼科尔AndrewNiccol",237362人评价,做一颗让别人需要你的棋子。, 尼古拉斯・凯奇 Nicolas Cage /...,战争之王,https://img3.doubanio.com/view/photo/s_ratio_poster/public/p792282381.jpg,"
                                                      2005
                        ",8.6,212,美国 法国剧情 犯罪
"
斯坦利・库布里克StanleyKubrick",167894人评价,现代科幻电影的开山之作，最伟大导演的最伟大影片。, 凯尔・杜拉 Keir Dullea / ...,2001太空漫游,https://img3.doubanio.com/view/photo/s_ratio_poster/public/p2560717825.jpg,"
                     1968
                        ",8.8,213,英国 美国科幻 惊悚 冒险
"
阿米尔・汗AamirKhan",129996人评价,天使保护事件始末。, 达席尔・萨法瑞 Darsheel Safary / 阿...,地球上的星星,https://img3.doubanio.com/view/photo/s_ratio_poster/public/p1973489335.jpg,"
                                                2007
                        ",8.9,214,印度剧情 儿童 家庭
"
理查德・林克莱特RichardLinklater",180129人评价,所谓爱情，就是话唠一路，都不会心生腻烦，彼此嫌弃。, 伊桑・霍克 Ethan Hawke ...,爱在午夜降临前,https://img1.doubanio.com/view/photo/s_ratio_poster/public/p2074715729.jpg,"
                 2013
                        ",8.8,215,美国 希腊剧情 爱情
"
丹尼斯・甘塞尔DennisGansel",182662人评价,世界离独裁只有五天。, 尤尔根・沃格尔 Jürgen Vogel ...,浪潮,https://img3.doubanio.com/view/photo/s_ratio_poster/public/p1344888983.jpg,"
                                          2008
                        ",8.7,216,德国剧情 惊悚
"
徐克HarkTsui",322072人评价,人生如此，浮生如斯。谁人言，花彼岸，此生情长意短。谁都是不懂爱的罢了。, 张曼玉 Maggie Cheung / 王祖贤 Joey Wang / ...,青蛇,https://img3.doubanio.com/view/photo/s_ratio_poster/public/p584021784.jpg,"
                                                 1993
                        ",8.5,217,中国香港剧情 爱情 奇幻 古装
"
史蒂芬・戴德利StephenDaldry",344449人评价,当爱情跨越年龄的界限，它似乎能变得更久远一点，成为一种责任，一种水到渠成的相濡以沫。 , 凯特・温丝莱特 Kate Winslet ...,朗读者,https://img1.doubanio.com/view/photo/s_ratio_poster/public/p1140984198.jpg,"
                                             2008
                        ",8.5,218,美国 德国剧情 爱情
"
李惠民RaymondLee",276773人评价,嬉笑怒骂，调风动月。, 张曼玉 Maggie Cheung / 林青霞 Brigitte ...,新龙门客栈,https://img1.doubanio.com/view/photo/s_ratio_poster/public/p1421018669.jpg,"
                                                    1992
                        ",8.6,219,中国香港 中国大陆动作 爱情 武侠 古装
"
QuentinTarantino",313627人评价,昆汀同学越来越变态了，比北野武还杜琪峰。, 布拉德・皮特 Brad Pitt / 梅拉尼・罗兰 M...,无耻混蛋,https://img3.doubanio.com/view/photo/s_ratio_poster/public/p1086394013.jpg,"
                    2009
                        ",8.5,220,德国 美国剧情 犯罪
"
邓肯・琼斯DuncanJones",542059人评价,邓肯・琼斯继《月球》之后再度奉献出一部精彩绝伦的科幻佳作。, 杰克・吉伦哈尔 Jake Gyllenhaal / ...,源代码,https://img3.doubanio.com/view/photo/s_ratio_poster/public/p988260245.jpg,"
                            
                            2011
                        ",8.4,221,美国 加拿大科幻 悬疑 惊悚
"
是枝裕和HirokazuKoreeda",152330人评价,日本的家庭电影已经是世界巅峰了，步履不停是巅峰中的佳作。, 阿部宽 Hiroshi Abe / 夏川结衣 Yu...,步履不停,https://img3.doubanio.com/view/photo/s_ratio_poster/public/p2561539680.jpg,"
                                             2008日              ",8.8,222,本剧情 家庭
"
FrankDarabont",160936人评价,天使暂时离开。, 汤姆・汉克斯 Tom Hanks / 大卫・摩斯 David M...,绿里奇迹,https://img3.doubanio.com/view/photo/s_ratio_poster/public/p767586451.jpg,"
                                                  1999
                        ",8.8,223,美国犯罪 剧情 奇幻 悬疑
"
卡比尔・汗KabirKhan",297254人评价,宝莱坞的萝莉与大叔。, 萨尔曼・汗 Salman Khan / 哈莎莉・马...,小萝莉的猴神大叔,https://img9.doubanio.com/view/photo/s_ratio_poster/public/p2510956726.jpg,"
                            
                            2015
                        ",8.4,224,印度剧情 喜剧 动作
"
约翰・卡尼JohnCarney",262469人评价,爱我就给我看你的播放列表。, 凯拉・奈特莉 Keira Knightley / 马克...,再次出发之纽约遇见你,https://img3.doubanio.com/view/photo/s_ratio_poster/public/p2250287733.jpg,"

                            2013
                        ",8.5,225,美国喜剧 爱情 音乐
"
AlfonsoCuarón",295758人评价,不一样的导演，不一样的哈利・波特。, 丹尼尔・雷德克里夫 Daniel Radcliffe / Emma...,哈利・波特与阿兹卡班的囚徒,https://img1.doubanio.com/view/photo/s_ratio_poster/public/p1910812549.jpg,"
                                              2004
                        ",8.5,226,英国 美国剧情 奇幻 冒险
"
爱德华・兹威克EdwardZwick",213347人评价,每个美丽事物背后都是滴血的现实。, 莱昂纳多・迪卡普里奥 Leonardo ...,血钻,https://img3.doubanio.com/view/photo/s_ratio_poster/public/p1244017073.jpg,"                   2006
                        ",8.6,227,美国 德国剧情 惊悚 冒险
"
克里斯托弗・诺兰ChristopherNolan",115162人评价,诺兰的牛逼来源于内心散发出的恐惧。, 杰里米・西奥伯德 Jeremy...,追随,https://img9.doubanio.com/view/photo/s_ratio_poster/public/p2074443514.jpg,"

                            1998
                        ",8.9,228,英国犯罪 悬疑 惊悚
"
詹姆斯・沃德・布柯特JamesWardByrkit",300587人评价,小成本大魅力。, 艾米丽・芭尔多尼 Em...,彗星来的那一夜,https://img9.doubanio.com/view/photo/s_ratio_poster/public/p2187896734.jpg,"
                                                 2013
                        ",8.5,229,美国 英国科幻 悬疑 惊悚
"
CharlesChaplin",70804人评价,永远的小人物，伟大的卓别林。, 查理・卓别林 Charles Chaplin / 弗吉尼亚・...,城市之光,https://img1.doubanio.com/view/photo/s_ratio_poster/public/p2170238828.jpg,"

                            1931              ",9.3,230,美国喜剧 剧情 爱情
"
阿斯哈・法哈蒂AsgharFarhadi",176766人评价,只有有信仰的人才能说出事实真相。, 佩曼・莫阿迪 Peyman Moadi /...,一次别离,https://img9.doubanio.com/view/photo/s_ratio_poster/public/p2189835254.jpg,"
                                               2011
                        ",8.7,231,伊朗 法国剧情 家庭
"
乔治・米勒GeorgeMiller",320221人评价,“多么美好的一天！”轰轰轰砰咚，啪哒哒哒轰隆隆，磅~, 汤姆・哈迪 Tom Hardy / 查理兹・塞...,疯狂的麦克斯4：狂暴之路,https://img3.doubanio.com/view/photo/s_ratio_poster/public/p2236181653.jpg,"
                            
                            2015
                        ",8.6,232,澳大利亚 美国动作 科幻 冒险
"
ChrisColumbus",313885人评价,魔法的密室之门已打开..., 丹尼尔・雷德克里夫 Daniel Radcliffe / 艾玛...,哈利・波特与密室,https://img3.doubanio.com/view/photo/s_ratio_poster/public/p1082651990.jpg,"
                                               2002
                        ",8.5,233,美国 英国 德国奇幻 冒险
"
小津安二郎Yasujir?Ozu",78570人评价,东京那么大，如果有一天走失了，恐怕一辈子不能再相见。, 笠智众 Chish Ry / 原节...,东京物语,https://img9.doubanio.com/view/photo/s_ratio_poster/public/p1925331564.jpg,"
                                                  1953
                        ",9.2,234,日本剧情 家庭
"
保罗・哈吉斯PaulHaggis",229289人评价,天使与魔鬼的冲撞。, 桑德拉・布洛克 Sandra Bullock / ...,撞车,https://img3.doubanio.com/view/photo/s_ratio_poster/public/p2075132390.jpg,"                       2004
                        ",8.6,235,美国 德国犯罪 剧情
"
托马斯・麦卡锡ThomasMcCarthy",182983人评价,新闻人的理性求真。, 马克・鲁弗洛 Mark Ruffalo /...,聚焦,https://img1.doubanio.com/view/photo/s_ratio_poster/public/p2263822658.jpg,"                      2015
                        ",8.8,236,美国剧情 传记
"
罗伯・莱纳RobReiner",210947人评价,用剩余不多的时间，去燃烧整个生命。, 杰克・尼科尔森 Jack Nicholson / 摩根...,遗愿清单,https://img9.doubanio.com/view/photo/s_ratio_poster/public/p708613284.jpg,"

                            2007
                        ",8.6,237,美国冒险 喜剧 剧情
"
StanleyKubrick",255704人评价,我完全康复了。, Malcolm McDowell / Patrick Magee / Michael...,发条橙,https://img3.doubanio.com/view/photo/s_ratio_poster/public/p529908155.jpg,"
                                                      1971
                        ",8.5,238,英国 美国犯罪 剧情 科幻
"
达伦・阿伦诺夫斯基DarrenAronofsky",151246人评价,一场没有春天的噩梦。, 艾伦・伯斯汀 Ellen Bur...,梦之安魂曲,https://img3.doubanio.com/view/photo/s_ratio_poster/public/p2328516855.jpg,"
                            
                            2000
                        ",8.7,239,美国剧情
"
雷德利・斯科特RidleyScott",182123人评价,还原真实而残酷的战争。, 乔什・哈奈特 Josh Hartnett / ...,黑鹰坠落,https://img3.doubanio.com/view/photo/s_ratio_poster/public/p1910900710.jpg,"

                            2001               ",8.6,240,美国动作 历史 战争
"
李安AngLee",395758人评价,, 梁朝伟 Tony Leung Chiu Wai / 汤唯 Wei Tang / ...,色，戒,https://img3.doubanio.com/view/photo/s_ratio_poster/public/p453716305.jpg,"
                                                 2007
                        ",8.4,241,中国台湾 中国大陆 美国 中国香港剧情 爱情 情色
"
是枝裕和HirokazuKoreeda",485220人评价,, 中川雅也 Lily Franky / 安藤樱 Sa...,小偷家族,https://img9.doubanio.com/view/photo/s_ratio_poster/public/p2530599636.jpg,"
                                                   2018
                        ",8.7,242,日本剧情 犯罪 家庭
"
史蒂文・斯皮尔伯格StevenSpielberg",224098人评价,生病的E.T.皮肤的颜色就像柿子饼。, 亨利・托马斯 Henry Tho...,E.T. 外星人,https://img3.doubanio.com/view/photo/s_ratio_poster/public/p984732992.jpg,"
                                                 1982
                        ",8.6,243,美国剧情 科幻
"
周申ShenZhou/刘露LuLiu",547440人评价,过去的如果就让它过去了，未来只会越来越糟！, 任素汐 Suxi Ren / 大力 Da Li ...,驴得水,https://img3.doubanio.com/view/photo/s_ratio_poster/public/p2393044761.jpg,"
                            
                            2016               ",8.3,244,中国大陆剧情 喜剧
"
秋昌民Chang-minChoo",91924人评价,你要相信，这世上真的有爱存在，不管在什么年纪 , 宋在河 Jae-ho Song / 李顺载 Soon-jae...,我爱你,https://img1.doubanio.com/view/photo/s_ratio_poster/public/p1075591188.jpg,"
                                                     2011
                        ",9,245,韩国剧情 爱情
"
雷德利・斯科特RidleyScott",145973人评价,没有了退路，只好飞向自由。, 吉娜・戴维斯 Geena Davis / 苏...,末路狂花,https://img3.doubanio.com/view/photo/s_ratio_poster/public/p1910924635.jpg,"
                                                  1991                ",8.7,246,美国 法国犯罪 剧情 惊悚
"
安德鲁・尼科尔AndrewNiccol",142610人评价,一部能引人思考的科幻励志片。, 伊桑・霍克 Ethan Hawke / 乌玛...,千钧一发,https://img3.doubanio.com/view/photo/s_ratio_poster/public/p2195672555.jpg,"
                                                    1997
                        ",8.7,247,美国剧情 科幻 惊悚
"
黄信尧Hsin-yaoHuang",210192人评价,, 庄益增 Yizeng Zhuang / 陈竹N Chu-sh...,大佛普拉斯,https://img3.doubanio.com/view/photo/s_ratio_poster/public/p2505928032.jpg,"
                            
                            2017               ",8.7,248,中国台湾剧情 喜剧 犯罪
"
吴宇森JohnWoo",286713人评价,当发哥的风衣、墨镜出现在了凯奇身上??, 约翰・特拉沃尔塔 John Travolta / 尼古拉斯...,变脸,https://img3.doubanio.com/view/photo/s_ratio_poster/public/p2173855883.jpg,"
                     1997
                        ",8.5,249,美国动作 科幻 犯罪 惊悚
"
理查德・沙因克曼RichardSchenkman",256614人评价,科幻真正的魅力不是视觉效果能取代的。 , 大卫・李・史密斯 David ...,这个男人来自地球,https://img9.doubanio.com/view/photo/s_ratio_poster/public/p513303986.jpg,"
                            2007               ",8.5,250,美国剧情 科幻
,,,,,,,,,        
